[
  {
    "firstname": "Alice",
    "lastname": "Johnson",
    "email": "alice.johnson@example.com",
    "password": "Alic3@Secure!",
    "expectedResult": "success"
  },
  {
    "firstname": "Bob",
    "lastname": "Williams",
    "email": "bob.williams@example.com",
    "password": "B0b@Password123",
    "expectedResult": "error"
  },
  {
    "firstname": "Charlie",
    "lastname": "Brown",
    "email": "charlie.brown@example.com",
    "password": "Ch@rlie1234",
    "expectedResult": "success"
  },
  {
    "firstname": "Diana",
    "lastname": "Prince",
    "email": "diana.prince@example.com",
    "password": "D1ana@Wonder",
    "expectedResult": "success"
  },
  {
    "firstname": "Ethan",
    "lastname": "Hunt",
    "email": "ethan.hunt@example.com",
    "password": "Ethan@Mission!",
    "expectedResult": "error"
  }
]
