[
  {
    "email": "alice.johnson@example.com",
    "password": "Alic3@Secure!",
    "expectedResult": "success"
  },
  {
    "email": "bob.smith@example.com",
    "password": "B0b-Password#",
    "expectedResult": "success"
  },
  {
    "email": "charlie.brown@example.com",
    "password": "InvalidPassword!",
    "expectedResult": "error"
  },
  {
    "email": "daisy.white@example.com",
    "password": "wrong-password",
    "expectedResult": "error"
  },
  {
    "email": "edward.green@example.com",
    "password": "Edw@rd-Password3!",
    "expectedResult": "success"
  }
]
